"","Bacus2.cases","Bacus2","Bacus2"
"1",45.0767316280907,67.1444601932028,73.1291073669391
"2",46.3014495060987,65.0175739148396,72.6078269298825
"3",45.410251842165,65.6575107877283,70.895518262945
"4",45.1059720241835,65.1561025539881,70.0363983709545
"5",44.5946522785837,66.3362608017177,68.7966572992611
"6",44.0564703221471,65.8835744810449,67.7990981165954
"7",45.0797219259959,64.7403007200465,62.6159523893397
"8",45.4106155922898,61.5030726735792,65.4760634565604
"9",47.8663026735763,63.5164378784925,67.3286177516468
"10",50.1871461109237,63.4847461876282,69.7116805186097
"11",49.4926225413491,67.933739105547,70.1719538716972
"12",47.0292456549454,68.3990144180094,67.1290838733859
"13",47.2460041622266,69.3855360992866,66.1734794511798
"14",46.5730838885153,68.530556107562,66.9287637354518
"15",46.8991052934473,66.9804972787484,66.9305459899268
"16",44.4567519912859,66.0978233373116,66.0765373835904
"17",43.6419664148564,66.5540119196151,67.5378219216564
"18",44.5666783449604,69.1176741681542,70.8325807333763
"19",44.4571672270482,68.4384273614453,68.8832518697361
"20",43.9262295096526,68.4837768415894,67.5370465616944
"21",46.064615438938,68.5590667450392,68.3306549507396
"22",45.5672817323342,66.3885169300772,68.5038520002447
"23",46.7842670977286,65.1439386114475,70.5290224892028
"24",46.6310565037821,65.7506070798621,71.8276800383615
"25",47.3101624697859,65.9821660817248,69.2245023495972
"26",49.5507028236136,65.0600195729632,65.758303690482
"27",48.1146340288494,67.8123392354845,64.9853411601815
"28",47.4408795276589,67.8746523731715,67.2941664773012
"29",49.5585264347071,70.5492368213922,68.4344642160108
"30",49.1706063444607,69.1526687581205,70.5483700938069
"31",49.9727465178492,69.2168082353919,74.7259697338788
"32",47.3722780048875,67.5105441913661,71.8850465360853
"33",47.0589026180757,69.601045702275,69.8670509019479
"34",45.3379021864058,66.3274103928919,69.0895089507344
"35",45.7864264211006,66.6441597241185,67.6593436084694
"36",46.3047181650172,65.4439418782565,65.9764161320446
"37",49.246040580636,69.8001119403738,63.845785682701
"38",48.5984904927239,73.0908525639043,62.4980430496516
"39",46.9533119397476,74.4449728351134,66.3310010920484
"40",46.1905482233041,72.5286302437926,68.458839606302
"41",46.604364444544,71.5677589136278,68.5555499398316
"42",45.8277351586977,69.1248270149221,68.3773949038575
"43",45.6318219739062,67.4368887319191,65.7418297109043
"44",44.505185886507,67.0373107273635,65.1749033724482
"45",43.1349352494257,65.8089736248674,68.4692017816323
"46",43.0049951062027,64.6861083124878,71.0988054663782
"47",43.7344652514346,64.8658110897361,73.6987624800469
"48",43.4019029022908,62.8797467677965,73.8957864353217
"49",43.7675950799157,63.5755181231303,71.1898301314598
"50",44.6888517147956,64.666132981267,70.2604951824343
"51",44.9406944687154,65.4956234030159,69.6516592678759
"52",43.0962950193275,66.5401897374706,69.3470877517684
"53",42.0582370883545,67.4529967636708,67.5188893172645
"54",42.1063624813781,66.3794008377097,65.612261562411
"55",41.9190665517657,69.6446495219174,65.4996504324776
"56",42.2875466949639,68.5747512946079,67.5639658656823
"57",42.1745260947868,70.9302552535207,67.9087403583745
"58",44.4585303198548,70.0084204517582,67.5280656248818
"59",43.9024552645322,69.6684220994644,66.4197765169509
"60",45.5169278494287,67.5490636631652,65.5289151524868
"61",46.0149872950747,67.6731370666936,67.1295290339391
"62",46.9406526015164,68.1346058980395,65.1819957071454
"63",46.6164484649366,68.0814666836177,66.1914748237223
"64",43.9160680206181,67.9433499844127,65.4627399702331
"65",44.0652958322586,67.6785101557352,67.9063824458806
"66",44.4609627421695,68.4270492106406,66.2594885997746
"67",46.5904480341981,66.8258014556378,66.2151285021893
"68",47.4097268263658,67.9217516366482,66.1188537323141
"69",46.9269623207127,66.9865134483831,65.4437477703655
"70",48.2198440821751,68.777820859498,65.0594268832358
"71",47.4916834620873,71.2350207039904,62.6030840722818
"72",46.9130154639899,72.1382903737615,65.2056344715973
"73",48.0508980496662,71.1099022977772,64.1334623595615
"74",46.6896066409781,71.4228228298724,65.2982140217208
"75",45.4763368496314,70.423272451771,66.1612715146718
"76",45.4859045380327,69.4222567720214,67.2478967159572
"77",45.3398701124936,69.8422534460158,67.9299477856283
"78",44.422661337031,70.3067727633113,67.9229907619327
"79",44.0387804634009,69.0912318231065,68.1354891887174
"80",44.1589063682966,68.8746403227112,66.5482013223048
"81",44.8648330257171,65.2761123146859,69.5299936169884
"82",45.440074763923,66.65437548371,69.8176091181298
"83",46.5103562820529,66.6390506308451,67.5981666110921
"84",46.3283200095059,65.8840727062156,66.8656985935405
"85",44.7180417618593,65.6097763707029,64.548176203361
"86",45.6405900490996,64.1064825285387,65.8649294292145
"87",46.471371677978,66.1454441750113,65.3557400520569
"88",45.2380405793962,66.4980854866819,67.4078952779957
"89",44.881302698955,68.2499818497053,68.2294199890621
"90",44.7440769532575,68.6035737691452,68.1690163471085
"91",44.146998367632,71.2597732426491,70.359448233407
"92",46.1754121604101,69.8035328782592,70.4030297610094
"93",47.2886166211288,70.9086083902178,67.4386137116591
"94",44.7847222509458,71.2435522276362,67.3782598777716
"95",44.6997991301984,68.9026619123293,69.824176421446
"96",44.9921209051204,67.1384731278245,71.1935450141535
"97",44.1383835609101,68.4590402047681,70.9787948290853
"98",44.6772293884635,71.2514683064494,69.6267693984713
"99",45.0652772216294,72.6498806754661,69.0031707672019
"100",45.6562311195235,71.1452540197738,68.360654924863
"101",45.9558550435203,72.9131778781521,67.005510094332
"102",45.7595695013711,71.2157543923391,67.4479193522218
"103",46.1508474190335,72.6809019501174,67.6990967164693
"104",45.887998761488,71.0982407783726,66.2004571220746
"105",45.1539796995751,69.8225030037968,68.3746393617313
"106",43.4841949231482,70.5462608494745,69.070442120762
"107",44.1055207064027,73.4187662289962,67.8396533034462
"108",43.1998582071806,71.6845972970369,69.9986617254481
"109",45.2766597491325,71.6099733926695,68.8783677095891
"110",44.8479671848784,73.0729864745086,67.4126424724195
"111",44.1522115505696,71.1522702832342,68.4339306848816
"112",44.2812932558748,72.054474638975,68.2995288377834
"113",44.6548586247009,68.8635994524868,68.0485099096441
"114",45.9621870180079,70.4188764056699,67.841392364481
"115",47.4667487969532,70.3644508418337,65.7425010805592
"116",46.2730706660667,68.5275136928116,67.1566153826511
"117",44.6501657916057,67.4909086068712,69.7151701503353
"118",42.3812679278842,67.4378252523775,69.0712762415833
"119",41.0261638482302,70.6249937574364,68.7357723775415
"120",41.6767968695289,72.9409804751058,73.0459309214399
"121",44.0196680111636,71.5052036011616,70.1433137583613
"122",43.2833414595655,71.8412392593582,69.7825464572761
"123",46.3756491623977,73.2562266349946,70.2609035821443
"124",47.6955036451937,73.469900269587,67.4238507981739
"125",46.5179993714629,72.0384080032398,67.4483977141632
"126",47.4166607325832,71.2453334292483,68.4661461620469
"127",46.4330034548289,71.3956162947338,63.5456626482412
"128",46.2426432417589,69.5582110213724,63.0437309166177
"129",46.3908384874444,67.7310338097011,63.2911543865288
"130",46.2954862572629,66.1479164395339,64.9519125516344
"131",45.9864490178754,68.3397735621376,66.1610511916715
"132",47.4698515524422,64.7573638738726,68.2993959532405
"133",45.75490726265,63.3565958626916,70.3809099965885
"134",44.5979628834765,64.1786590765815,69.8148446148501
"135",44.2017456601076,63.9036374450442,67.9135219314423
"136",45.1479485912974,66.2558597338165,68.6133801995795
"137",44.2799911247294,65.7762206242537,67.7922262825675
"138",43.6226084164091,67.0134789351948,70.1778562533264
"139",44.0303263045326,68.0185865883092,68.3217812915173
"140",44.991257857027,70.8473750222875,68.1468763092575
"141",45.5161159500118,68.4048242044054,66.3246036945441
"142",48.1516215256839,68.3209554423581,65.4304394483051
"143",47.6406372201589,68.9944920599154,65.3874050934334
"144",46.8095134844344,71.2093747287419,68.0132246254182
"145",47.2022133212528,72.650451503923,66.8770909433868
"146",46.1986973686383,72.7752263102908,68.1149098704539
"147",45.3598685885818,71.5683169404361,67.4123171174885
"148",43.8125116939761,71.3069444085025,67.8211529163949
"149",45.8297089041294,69.0468326859914,69.3006489303034
"150",46.0715072836593,68.1875555920768,73.5739998808086
"151",44.7221779368126,67.0107842244531,71.3573439111084
"152",45.9660976585994,65.5421795799136,71.4063087914206
"153",43.9602059120607,66.7765668874593,69.4703344964269
"154",42.8768691254315,67.3277844376752,69.285057226828
"155",42.7367703057059,67.853269710969,70.2685980401925
"156",44.8014840251709,65.3361002626665,70.3214648279361
"157",44.7175535461925,65.7113932897245,69.5610346290289
"158",44.5317333610622,66.100915255902,69.9859197811751
"159",45.0665233085168,67.081368905149,68.9208927608542
"160",45.7126367937342,68.1184319504415,70.4251581137211
"161",45.1610154925093,68.5464871248057,70.7999532015987
"162",44.1805053065405,66.0048471430476,67.9775132555779
"163",44.6943853003749,63.9689715822832,65.674478432782
"164",46.2157421209352,63.7518019204759,62.9099272731911
"165",44.7768717509796,64.7149876031058,62.7724443092271
"166",45.9996443773411,66.5390026048578,63.7200955141312
"167",44.5494839149695,65.4107090065613,64.1943722711893
"168",45.7658253067906,68.1391350513382,65.0300464634993
"169",47.3624695500195,66.9989079628194,64.8600134238816
"170",46.5877022905404,66.4023332113678,64.5205534717122
"171",45.4649461074884,66.0834136257052,64.8325693215236
"172",43.5637508001409,66.3391663436586,66.5280186323211
"173",43.223407478564,65.3154199200793,67.5770888085679
"174",46.8985119534133,65.0229864612668,66.5611321615216
"175",47.6272291914857,67.0189853801597,67.2552758445218
"176",48.2442270246164,67.4488850958939,69.2036839872521
"177",49.486497955714,70.4397711342922,71.112125996915
"178",48.5579743203719,71.6133163540854,71.7587049179798
"179",49.6889655056661,71.9097965718613,69.7559293188198
"180",50.209607450218,75.9239450879546,71.2232878750129
"181",48.675328809668,74.7580444547397,68.1367048933978
"182",47.5629167076305,73.9805944749764,64.6175502424844
"183",46.555158566068,74.0769424975487,64.927497791557
"184",43.4164490091976,73.7982332907321,66.3490311868968
"185",43.3360429863033,72.3194202412869,64.8687260537882
"186",45.0498404540093,71.7755857764794,64.1035533772042
"187",45.6404090804602,68.6882657365415,67.4557282873498
"188",48.523545110906,66.3007597189173,70.6678513645872
"189",48.9421829981481,67.7661884283432,70.2833142884523
"190",48.4275702046977,69.9590261904618,68.1877634089355
"191",47.0086047556571,68.9552822913208,65.7509409075544
"192",46.1552912502555,69.4701915814984,64.8501703465523
"193",46.1325462775196,70.4419141422298,64.7982302407828
"194",45.9628144250233,73.3029820024988,63.2694176624332
"195",46.6264096593213,72.498032898834,62.6300713296298
"196",46.7109326613762,69.2209666053398,62.1445725845902
"197",46.2137336483779,68.8429836583405,63.5708197460573
"198",45.8697361510066,69.5093949884239,61.7024591756463
"199",44.5597167215047,72.255554904078,64.2126836607733
"200",45.6569987974357,70.4092459713226,60.6570932686607
"201",45.11224337764,68.4311618539928,61.4661787392802
"202",44.9214130214858,67.4015151278073,64.7517276997923
"203",48.9330698739606,67.6149763816286,66.5656893700937
"204",48.5117844046677,71.0768102711765,66.7973384349813
"205",47.4149675674169,70.3961713227063,67.6598447702234
"206",45.1984130627067,71.6561767307795,68.4457635384898
"207",46.5340016065536,71.2455501148974,69.9259829406375
"208",46.7568186817023,68.1974427564126,70.1268240256452
"209",44.48595515006,67.0869257039341,69.6191695937085
"210",46.495524557508,65.7141509851722,69.4310042514863
"211",46.103302926369,66.6082320740715,67.9254043510502
"212",46.1656159018081,64.8446514197985,66.6204211308909
"213",45.9797420541469,65.0864034013578,65.5849335815464
"214",44.5635225700818,63.5102447283338,65.6710890983724
"215",45.2474239085462,61.7038376209959,64.6118131486371
"216",45.288879544883,61.6795394548172,64.312264868153
"217",45.0215966680362,65.2370658473693,62.3408227951444
"218",43.0492626442621,63.3052751365923,61.1008500349622
"219",42.9862048841577,63.3600750369483,63.976976380127
"220",44.0086153901319,64.0698928411029,65.8309765073887
"221",43.2324848440173,63.6608854572754,63.5175937050985
"222",44.3413122082004,64.9995960866094,62.9258719870161
"223",45.5144937317379,65.7853279665797,64.8601918356734
"224",45.1816484641417,66.607516650573,64.8960250357445
"225",43.8596428370398,68.1625019388697,65.2124696116019
"226",42.5786318893628,68.1778358450565,65.6162172687282
"227",42.8130045380843,69.1394176754387,65.3128103609667
"228",41.521537237261,68.9549223078817,67.3848581884252
"229",43.0364577349946,66.5941910971006,66.7168630625782
"230",45.2194926297088,65.5601947329173,67.1268250655019
"231",45.335908841233,65.0865012607659,67.9731580745264
"232",43.2589873701954,69.0738311191622,67.3558663678857
"233",42.4425684966079,68.0431196654552,70.3388035468286
"234",43.2797144177621,69.0184922816997,68.3927086155862
"235",42.5328203849614,70.954381352076,65.9844339988733
"236",43.1100761436315,70.2862595336199,64.4363442935434
"237",43.496472845854,69.2332699917733,65.6493763051099
"238",43.2487610309588,67.8549249854195,64.3827264924324
"239",42.4883508047842,67.2099748668195,65.4522407434306
"240",42.0973561386288,67.4536705485311,64.661100261944
"241",41.1195628935848,68.9418860816628,65.5518293736267
"242",40.7737682245663,69.7506874195214,65.2812197491542
"243",43.2676605991893,71.4485325195672,64.5593701481005
"244",42.9305707858136,68.2692911249356,66.1523595982429
"245",43.3168512554337,70.0526059126837,69.0427482810878
"246",45.034970485058,67.2692729152578,69.5949669771028
"247",45.8457760835213,66.0190963230551,68.2494955974476
"248",46.9616466150007,69.4397626254228,65.9235515077325
"249",47.5276760820991,71.2761718784389,67.3199610840175
"250",47.013251313048,72.3576146745019,64.9690433528297
"251",47.762162531268,71.4993381904602,64.9939476788124
"252",47.8223844465711,68.805186554958,66.8613403302978
"253",45.3291711235306,67.2486091086316,64.2002835318455
