"","BT.cases","BT","BT"
"1",11039412.7973424,16556453.8230659,16590346.8409141
"2",11036571.112467,16528487.1020714,16578867.3256413
"3",11022286.8253829,16511423.0455211,16560262.2197928
"4",11009437.6450777,16485988.2427969,16544309.0525069
"5",10993923.1957639,16466772.2989653,16524334.3569678
"6",10976237.6990712,16436944.4094814,16502673.4970327
"7",10964987.7019502,16399911.0757535,16453680.3588992
"8",10949116.4994299,16346425.1239447,16440318.2769777
"9",10943864.3451839,16314618.1856519,16419958.135074
"10",10939219.8312403,16268641.7855809,16400932.2004656
"11",10919344.1924875,16243029.1926468,16370912.3738211
"12",10887875.7564364,16195341.3181562,16319372.9173138
"13",10867112.6563682,16146837.8772095,16273468.789462
"14",10839089.1251315,16084403.6052467,16232309.3418528
"15",10812923.4213349,16011807.9234848,16182940.7427283
"16",10768079.911351,15935229.562439,16123061.5635391
"17",10725938.1495136,15859282.5927955,16068736.2180274
"18",10689023.0508472,15791342.527211,16019839.865402
"19",10644998.5736559,15706225.8902718,15940741.2190228
"20",10598459.4404538,15624590.4179155,15864065.0477489
"21",10568789.1885412,15543775.4661909,15806656.5259845
"22",10531463.4234526,15451124.3180024,15762381.8026926
"23",10510294.4734561,15362312.2755451,15749504.8347982
"24",10491991.7540934,15284454.2402476,15755920.9074634
"25",10489805.6268018,15210493.9916404,15759393.6761784
"26",10509690.7695924,15140545.9305492,15767290.2251055
"27",10522671.6418467,15103734.2814799,15793786.1728713
"28",10546847.1590709,15067935.9485881,15841277.3157798
"29",10591709.0845407,15056848.5943454,15888623.5540355
"30",10629381.1959709,15031998.7747143,15947153.3559897
"31",10660913.3928142,15041292.2586799,15416347.695523
"32",10551177.9099142,15207441.4884151,15371772.3887507
"33",10650153.4259207,15159887.9638514,15440507.0413197
"34",10697579.0771149,15201640.1633135,15439510.8074521
"35",10785977.2616087,15105279.1387289,15479415.6786465
"36",10894205.8126168,15150153.1430536,15512207.8170233
"37",10873278.8246528,15306721.5519053,16008385.8706175
"38",10896309.0259879,15708703.7849734,15791231.2834577
"39",10688303.427188,15645044.4443809,15677486.4400006
"40",10441870.3295613,15759303.3202877,15477048.2743032
"41",10450141.9178357,15430798.2600273,15417051.1529358
"42",10628374.8131507,15417039.8044962,15700218.901332
"43",10564596.8374148,15327359.249916,15803294.7201383
"44",10579903.6374193,15393750.6219168,15756873.4318169
"45",10502339.7311795,15526342.2418416,15801332.5326821
"46",10718654.1770571,15613614.6573886,15944340.1119455
"47",10830008.9193127,15590776.6422941,15876819.1835603
"48",10787990.6205552,15336551.4235131,15584658.1512312
"49",10854293.1064654,15379669.313455,15755058.8019708
"50",10981992.3150428,15358848.7013521,15898721.5795994
"51",10848163.8071752,15327259.8258835,15842845.5452379
"52",10940012.6146342,15522488.5235149,15837028.229034
"53",10863590.6943362,15667939.829328,15622539.0190801
"54",10907147.9732199,15649350.9099925,15433155.7966036
"55",10859227.0494156,15696198.4389476,15620398.3315863
"56",10629245.7266211,15851395.7084834,15954087.9075005
"57",10723801.1856029,15676675.4891209,16076194.7768168
"58",10768592.5506232,15714475.8811156,15906695.1747899
"59",10514423.7904005,15478163.6292922,15825462.5456323
"60",10482419.0687541,15585279.7013827,15624782.5325584
"61",10316404.0513382,15563860.015833,15168311.8662116
"62",10481419.5773443,15716678.9002631,15317471.0435456
"63",10446798.8414161,15506235.6783446,15419115.1647722
"64",10553881.0695091,15809007.0261387,15402903.6602576
"65",10488584.6338777,15812446.3761711,15481265.5040398
"66",10417433.1634345,15986957.3183078,15601032.1900515
"67",10095165.5667247,15613249.5477784,15828760.7531667
"68",10075202.5270157,15276528.2512987,16047743.502334
"69",10149618.2796997,15040421.9280311,15780456.947744
"70",10161742.6906771,15092213.2657666,15635412.2665863
"71",10049532.643882,15054122.1312435,15647039.5241464
"72",10050194.6646704,15159821.7968779,15699369.2975636
"73",10013974.377483,15220132.2072427,15984031.8659099
"74",10068685.950321,15196586.3076871,16115030.9461959
"75",10176199.1441724,15276416.1044861,15860726.5444536
"76",10196386.8818735,15388786.6139508,15616403.3447858
"77",10138887.9071348,15416975.3041733,15310613.9224079
"78",10180871.7006018,15685556.269795,15175953.8836283
"79",10163067.7181818,15727805.037762,15310055.4400882
"80",10083988.8208686,15738997.7694093,15275539.5107684
"81",10056602.9398846,15748638.855444,15235101.4073188
"82",10238107.7220188,15748949.208271,15157158.0753462
"83",10376077.6095724,15734648.1770165,15233363.5889461
"84",10424816.1001044,15898547.8124305,15370208.3475773
"85",10503142.1627727,15632823.638318,15364000.1726387
"86",10554882.3193495,15734539.9363011,15164823.2267193
"87",10664635.4133306,15509945.9407324,15100611.9964946
"88",10526183.4931741,15556415.4999463,15114625.1742286
"89",10646452.8393883,15555860.8256503,15201387.7442773
"90",10549093.2957844,15733347.0662715,15280789.7725225
"91",10527372.4917819,15737346.3961672,15130928.8763798
"92",10454410.0472574,15693067.2474048,15314100.9841071
"93",10478949.7233807,15714275.5310752,15213761.8724007
"94",10731486.1223354,15748946.8301369,15295144.9889872
"95",10753697.0494821,15790254.1634633,15075050.6992491
"96",10760257.8425271,15736587.9761035,15229315.6109562
"97",10581385.2759631,15928147.8803859,15236577.3057502
"98",10506204.2150962,15886547.0899936,15242933.4197801
"99",10544019.6045911,16034693.9349767,15315606.33533
"100",10396793.1944143,15911823.0909632,15374866.6685466
"101",10420808.7410555,15703660.211724,15664357.908304
"102",10428461.775038,15579497.6327323,15496718.442305
"103",10262999.5744482,15634149.060258,15676965.8859556
"104",10326387.5873278,15536687.0011308,15644808.5495897
"105",10395332.2560647,15553913.9842369,15647568.5061598
"106",10357691.9188498,15591815.7504824,15604609.4285295
"107",10352382.8254565,15514063.8375946,15567716.0914537
"108",10427831.6668672,15401640.119335,15598730.7537505
"109",10488572.7541527,15460432.1125633,15582131.1311628
"110",10501330.8825566,15448587.621616,15741429.059014
"111",10456304.1107537,15776972.0392794,15463849.6498807
"112",10418501.6135425,15689129.246263,15399408.3529628
"113",10317212.8509388,15712153.9808137,15582211.7016383
"114",10324176.5931752,15848116.8007827,15650295.7129633
"115",10478741.8834065,15955557.8623793,15894872.7035863
"116",10384119.7068873,16200939.7278524,15836434.8391548
"117",10276126.9881469,16130566.1649008,15968935.2404006
"118",10358807.7160335,16212743.6707215,15842996.1708724
"119",10375569.9413968,16168874.8932806,15815089.3325391
"120",10388108.7992291,16234867.4618337,15888641.604125
"121",10465021.1885632,16033110.4229162,15685589.9555597
"122",10268356.6023209,16201422.0207154,15662624.3806976
"123",10146295.8117898,16129238.1712914,15944252.8362229
"124",10366043.7876648,16101146.9437821,15958795.0404728
"125",10366329.4800542,16327693.3382629,15729287.5677201
"126",10341153.7570371,16547610.0009904,15568718.0984492
"127",10423366.78022,16504782.6570577,15504966.4821302
"128",10385526.5067357,16288901.2208978,15571153.0329594
"129",10359783.4736009,16163007.9866484,15581182.3474042
"130",10305612.8462209,16299551.6067151,15608706.4429306
"131",10266265.6031859,16135138.3040582,15723868.2651384
"132",10276630.3223975,16250701.9465918,15692194.4482589
"133",10206263.1711129,16070591.2107456,15685230.8727186
"134",10190889.495879,16179312.3246997,15855077.6182874
"135",10227248.1610752,16279467.5264779,15671943.9096015
"136",10382396.7966831,16218481.9759791,15617071.0434819
"137",10328108.8332452,15912902.0961178,15738108.2650911
"138",10430933.724075,16030891.8657269,15539347.5119287
"139",10253814.3751749,16003591.4778667,15612028.3204575
"140",10304893.1748378,15823249.5283389,15743064.6185092
"141",10390330.1112037,15927350.253104,15632426.1722696
"142",10416518.183541,15780933.3597461,15627487.8608576
"143",10401497.6122429,16040317.453457,15641941.5438367
"144",10279325.6579446,15885669.7073519,15673472.1966998
"145",10111551.4822133,15871395.7924343,15893614.4447101
"146",10177343.5840886,16041252.123752,15808461.2559172
"147",10301080.2187831,16166732.0175226,15573063.3136427
"148",10518455.9876281,16229787.7409557,15625433.1126733
"149",10715409.4501312,15961026.323918,15657363.3280214
"150",10744729.4803459,15725107.5756737,15216641.9540443
"151",10599722.9894332,15813010.1034559,15396496.6034988
"152",10759067.2606229,15724328.9290102,15358716.5859296
"153",10522276.4592462,15512648.4407331,15217696.8938038
"154",10406513.6867613,15372988.3305742,15415257.7034451
"155",10511402.5949054,15377859.3266917,15376628.6272414
"156",10416105.4982017,15313184.2935887,15236423.8700456
"157",10475509.1997893,15171403.3597376,15702263.873598
"158",10462163.6389314,15226613.0474372,15826771.8880342
"159",10419089.6521006,15320812.8454554,15903634.8491945
"160",10400404.5031218,15436473.6742591,15867284.1677665
"161",10401169.8142802,15205750.6804987,15858936.182655
"162",10217426.3456275,15523899.3837676,15718297.3828741
"163",10341737.0181994,15702825.6748766,15533672.337998
"164",10444685.1175042,15710640.4700429,15559791.4384336
"165",10479863.8986659,15843480.8128976,15726417.9514518
"166",10403247.9243091,15733448.9226873,15650173.4971309
"167",10490547.2336107,15864296.1466486,15712511.1967569
"168",10593713.4240661,15850911.6206316,15456171.0489
"169",10611573.0984468,15817438.8131204,15590983.9112914
"170",10560109.545925,15569687.2869327,15584287.2953475
"171",10535611.9617471,15796205.6427486,15760908.7335938
"172",10270564.0970348,15818286.65263,15893457.3530245
"173",10275549.3906374,15753143.8678195,15968089.0317815
"174",10328593.2936548,15514767.856031,15768890.4586755
"175",10244082.9007526,15314101.4987432,15929479.484952
"176",10288819.5864262,15194079.0287061,15875297.844013
"177",10337001.7975815,15200431.3768912,16003804.9130571
"178",10469941.1382244,15106160.2045129,16025138.0109806
"179",10281838.5909979,15206964.3931781,15912085.4530711
"180",10244331.5173097,15226259.0626081,15486701.1979673
"181",10358475.7826706,15278220.879609,15613241.5429487
"182",10229086.9406246,15399068.995302,15517467.2274464
"183",10413024.3123621,15292086.6323556,15629627.4909378
"184",10528947.3025128,15242889.6107489,15593352.4308917
"185",10591163.8112581,15182600.0183075,15420279.8297809
"186",10447494.2878602,15428667.4826789,15324377.2527556
"187",10490341.2577784,15412835.3423598,15330372.0498698
"188",10561641.4889119,15394177.2213174,15225953.8739847
"189",10552239.5305787,15329198.9901431,15248168.1755319
"190",10515249.0360526,15244117.136088,15006147.6689938
"191",10582077.1234595,15179895.5098407,14837942.5972076
"192",10705251.235722,15413426.1223652,14989126.5326871
"193",10699292.6179819,15648442.6081733,15138943.7770176
"194",10581889.5002985,15761741.1726308,15382432.8361496
"195",10750048.0468464,15761708.1128087,15429855.0052164
"196",10667437.761088,15658540.9697115,15393195.496539
"197",10839202.9774058,15848311.0682301,15420326.0086881
"198",10764143.414486,15672764.9703064,15398509.3010476
"199",10621159.2644515,15853831.7514548,15495739.6994095
"200",10702294.9630335,15975005.1052498,15585363.7215181
"201",10822667.6671512,16079328.1999026,15635997.6779255
"202",11050724.9639529,16141558.3935467,15551355.6766249
"203",11189151.4113131,16348567.6947554,15494156.9780795
"204",10911084.0293761,16535955.9692724,15621071.4662955
"205",10872479.0760271,16493811.8539282,15589761.8334914
"206",10820064.9225995,16600003.8191822,15410565.7734989
"207",10696532.3973788,16432691.9165448,15190927.1175403
"208",10753394.0078038,16374843.6856933,15039843.8697935
"209",10581791.7208601,16377406.6630675,15125805.1898376
"210",10456168.4726292,15966896.1425819,14868180.1706319
"211",10507413.7454566,15993695.7192105,15034775.0189238
"212",10537641.3772589,15958534.1423818,15301230.4740767
"213",10577074.4602558,15835522.1076122,15248078.2321716
"214",10860261.1466395,15722762.2312216,15096314.9913831
"215",10915382.2206809,15724492.500945,15228755.3037475
"216",10805844.8775248,15661094.9359165,15331074.4122333
"217",10795288.1688528,15892265.8431263,15017049.9183747
"218",10528877.9553931,16097695.81293,14647900.1662688
"219",10462195.3727016,15985307.241142,14588674.8365571
"220",10470332.6235696,15793210.8558162,14682572.1068662
"221",10554405.2616956,15890345.4942219,14811051.8500368
"222",10605687.8463337,15860426.5976003,14827974.5158593
"223",10587250.3334729,15768055.4574213,14793069.220154
"224",10582697.6066053,15451250.8552713,14917862.961068
"225",10495533.8455676,15440449.2590289,14999293.1597239
"226",10458586.3426804,15672387.2304379,15099169.4773906
"227",10487313.3133466,15667214.2617779,15023061.980185
"228",10499270.5516608,15559472.2265609,15289918.1712865
"229",10632730.180489,15213498.7498363,15131594.4957229
"230",10549070.0857421,15285418.266699,15574041.0743254
"231",10611107.1364216,15399819.1327425,15645896.3199234
"232",10639936.0293097,15478082.8490031,15452341.4087143
"233",10240658.1372827,15429524.4750964,15373865.7303653
"234",10223873.5503675,15055861.3015785,15395071.8554501
"235",10259291.0409673,15041465.508883,15329323.2650953
"236",10426036.7383462,14811975.3234871,15241296.259551
"237",10259444.3328645,14706784.9199268,15059029.2690777
"238",10177822.981432,14857576.2350665,14945813.2888035
"239",10348207.6494127,14859956.495509,14891520.7228669
"240",10120492.6624603,14917027.5920394,14785554.5651455
"241",10101505.4725823,14783376.8150541,14816404.1828616
"242",10040470.3811262,14915243.3389348,14844043.0679555
"243",10013185.6292455,14892213.5056648,14868590.9330992
"244",10098865.2998968,15038471.6436859,14815907.7406915
"245",9994356.49278354,15277731.0849935,14900130.8279356
"246",9950581.23544998,15364729.4132887,14926338.2001661
"247",9933291.57360239,15107745.4136967,15136498.2802722
"248",10102392.2604655,15382057.967558,15319286.7810464
"249",10114760.9338319,15490573.7211869,15133658.2043868
"250",10018091.3721152,15537537.2488671,14990031.0122607
"251",10101552.092432,15684795.281153,15257260.1776888
"252",10003817.5220941,15656869.7584342,15400934.3271172
"253",9862502.63423042,15669098.3674316,15273473.5031101
