"","wm_m2_acus.cases","wm_m2_acus","wm_m2_acus"
"1",1.83753670262017,1.84523879339712,1.75857472017515
"2",1.8063592988012,1.87089434244173,1.80803345122651
"3",1.84233532761257,1.83501240520461,1.85720703874814
"4",1.84798900532325,1.83638430066609,1.8679357663748
"5",1.85478864045991,1.81112368207502,1.87510472800956
"6",1.85719707212578,1.82706572575009,1.87012023940379
"7",1.81824894017285,1.84872424963101,1.94528542597292
"8",1.81686510213522,1.89919037778367,1.8285462142377
"9",1.77325369974691,1.8241579890383,1.79482703821169
"10",1.76191183956771,1.82235785214299,1.77874330784084
"11",1.82184721908344,1.75627041777753,1.80583179473239
"12",1.89847241008771,1.78845632919448,1.88078237863888
"13",1.86533898383238,1.80201236086524,1.8823119980657
"14",1.86342510231738,1.83786941779869,1.84655582106695
"15",1.83530410325827,1.86578353818108,1.8382657060946
"16",1.89084430801524,1.86349991939987,1.84860736537655
"17",1.87812185856291,1.83499543322409,1.81722456103128
"18",1.8261329734779,1.78858737658049,1.77896116800835
"19",1.82816265936476,1.81826805692482,1.84245718962556
"20",1.84292318648914,1.82578612364312,1.86906257783841
"21",1.78909566958557,1.82965711481563,1.84304105827374
"22",1.825596216948,1.86806869008855,1.83730809872977
"23",1.80687698170672,1.86957727941708,1.80569498275879
"24",1.82908196501312,1.83462101071108,1.80348454696696
"25",1.82088410578288,1.82331644540807,1.86553168377107
"26",1.78363647240843,1.838826565642,1.91716900879285
"27",1.84526991351142,1.78996423204874,1.88860652739994
"28",1.86085778402551,1.81022980310897,1.8169804409484
"29",1.80245212541197,1.78457632102224,1.80359389032019
"30",1.82771578898868,1.83393778643426,1.7885029938216
"31",1.81603168138637,1.83632790925957,1.76054956520959
"32",1.88891139422866,1.86353124687922,1.84985237032254
"33",1.86938622807457,1.81260142665539,1.88787895918392
"34",1.8913618305242,1.87300904581321,1.87956628938593
"35",1.84420679308846,1.84303630493454,1.87953815734555
"36",1.82008083816227,1.85250805623045,1.88020337828254
"37",1.7623183163213,1.77126390498592,1.88789549646534
"38",1.81460253309422,1.75574349305052,1.87768572453629
"39",1.87107812446036,1.78056140724471,1.78621632614359
"40",1.87693857428947,1.8434478568403,1.77725808227764
"41",1.84476603852882,1.86034673254501,1.81017591220686
"42",1.85446064439135,1.88786471453016,1.83515894265019
"43",1.84468922268513,1.88305055881862,1.88963154090787
"44",1.86384307817296,1.85367196644544,1.87597587637694
"45",1.88162887796383,1.85263890584405,1.80033367754729
"46",1.85621551515836,1.85258122756188,1.77814190569262
"47",1.82152868965139,1.83238168550952,1.77448396741679
"48",1.83295942332858,1.86216724145572,1.81119715313179
"49",1.82407704524754,1.8306976047748,1.87745961286369
"50",1.80846848006248,1.80957179373168,1.87974732366841
"51",1.81857920891526,1.80591877768317,1.8682276500885
"52",1.8782178702295,1.80349873448877,1.85275426499236
"53",1.88630272073296,1.80639603726779,1.86943535694516
"54",1.85501910118838,1.84033051058676,1.88077067128563
"55",1.84354816723031,1.78860382425112,1.85492494072254
"56",1.82441231811025,1.82865127081509,1.8079223816123
"57",1.82998151731994,1.79746716036981,1.8157185282356
"58",1.77854739934099,1.83097170222379,1.8349658626788
"59",1.82338879973182,1.83908689401895,1.85841867016827
"60",1.7975097934231,1.87069569236499,1.86543987587407
"61",1.81085939110368,1.84600097901561,1.82414202066289
"62",1.80823753127688,1.82637945137676,1.86224336192831
"63",1.83481898056614,1.82566472544015,1.83146936603353
"64",1.90942116943675,1.82853628452164,1.84554164282841
"65",1.86632956589029,1.83335362128665,1.80250068013686
"66",1.83451381113906,1.8201420439661,1.84847319081454
"67",1.78115276705523,1.85165766881666,1.84664589717384
"68",1.78969771007783,1.8228759370754,1.84507529281065
"69",1.82831641287952,1.8406186421058,1.85292252089726
"70",1.80972748999633,1.80647879561957,1.85081276432714
"71",1.84492728763653,1.78281076894404,1.88676021376663
"72",1.85767318834204,1.79684590957743,1.81360220735004
"73",1.82037701879915,1.83482523240364,1.84078132765025
"74",1.85850983410985,1.83291665554989,1.81957986419137
"75",1.8754542762985,1.84949984763759,1.81606302983474
"76",1.85109193818384,1.85533360966151,1.81295335589268
"77",1.8419223275883,1.83295720845857,1.81921633449861
"78",1.85745662521661,1.82095852206851,1.83369513386874
"79",1.85251659306432,1.8426475429003,1.8365707333776
"80",1.83739058103438,1.83882806925282,1.86648201320551
"81",1.81680138211128,1.89510542326456,1.80508984968833
"82",1.81216315580747,1.83442023666182,1.81720917602105
"83",1.80149225872018,1.82696948292635,1.86617513847533
"84",1.82673149909601,1.83727619560351,1.86624528906932
"85",1.87599449662828,1.8361670174954,1.89209221351792
"86",1.83417189681888,1.85753039174248,1.83723035900132
"87",1.81410065887919,1.80820187804534,1.84072867213852
"88",1.85366870904292,1.81238601770006,1.80338433244354
"89",1.85300450557972,1.79550041422457,1.80823983772728
"90",1.84594287116189,1.81061231384919,1.82816260209836
"91",1.85335288056533,1.78608335062202,1.80494162387592
"92",1.79431528694893,1.83557986217397,1.82613729337935
"93",1.79010857488374,1.82104445755847,1.88668257377794
"94",1.87716463520145,1.82333036250761,1.86445736338549
"95",1.8618028780593,1.86565110886974,1.80973328834306
"96",1.84042000875753,1.8765093718046,1.80153450174356
"97",1.85651617602722,1.82677393614752,1.82463458057458
"98",1.82907496256833,1.78269640290346,1.85699206536353
"99",1.82023812274653,1.78623606543331,1.86094465867111
"100",1.81369069007341,1.8347808327641,1.86022612994731
"101",1.81961873743593,1.81169999303508,1.86940312632666
"102",1.83556567901563,1.85066659735207,1.84171623656612
"103",1.8291743380985,1.82009343509772,1.83155400187794
"104",1.84032042899762,1.84913714412097,1.85770294545807
"105",1.85653831510843,1.85865119939172,1.81205972299586
"106",1.88834578146881,1.82980423819696,1.81484211925097
"107",1.84097042862714,1.7858170105741,1.84913867739521
"108",1.85567064079711,1.8334890275334,1.81275259573733
"109",1.79154919737981,1.83550885048556,1.84554747107639
"110",1.82228442479854,1.81283557311889,1.86859795984944
"111",1.84876678836984,1.85196096508808,1.83619113713747
"112",1.84127155287759,1.82751511644979,1.83764278176205
"113",1.82985245083792,1.87901129566577,1.8408619458536
"114",1.80224394405785,1.82646730977857,1.84235658516824
"115",1.78723725036476,1.82526315011367,1.87584482277586
"116",1.84306209315122,1.85478788140035,1.83151496702638
"117",1.88568587796144,1.85750514137298,1.7937457011103
"118",1.92423948290837,1.84124831578666,1.82669946771554
"119",1.91102685027395,1.78440249289558,1.84156924577637
"120",1.8413352014441,1.7747308391915,1.78020182187961
"121",1.77120761536847,1.82776975834585,1.85761604173834
"122",1.81691315688145,1.83018740382381,1.85863574094238
"123",1.76057231769121,1.81344924449134,1.84185654874218
"124",1.77730104771357,1.82128910400853,1.88643139434268
"125",1.84438103026049,1.84930763835878,1.85803040175136
"126",1.82854278368627,1.85218096801476,1.82647371312218
"127",1.86010452222692,1.83657527066966,1.91623310064414
"128",1.8528158750803,1.85939908457895,1.88098667630362
"129",1.83778370974376,1.87119040485096,1.84733083569213
"130",1.83568517136519,1.87184143818414,1.80859232446058
"131",1.84086535612905,1.80862874339583,1.80167540528862
"132",1.80350696926958,1.874416872434,1.78959320991492
"133",1.86091064261624,1.87327491619508,1.78933596743815
"134",1.87884566599931,1.83156460401396,1.83119267350511
"135",1.864670162822,1.83042838422536,1.87479097937797
"136",1.82167191917893,1.79006234829286,1.84834122252286
"137",1.84556641305275,1.81822778822091,1.85573197400795
"138",1.85485542600463,1.80792082546232,1.8070234757472
"139",1.83274546104794,1.80738376277944,1.85047222783872
"140",1.80966840545006,1.78161878835584,1.84770064236404
"141",1.81090459231862,1.8489607670575,1.87400272044941
"142",1.76931118736077,1.84543150094647,1.86982872042432
"143",1.81904262514862,1.82783052883992,1.85038841341373
"144",1.85470099267324,1.79530705834159,1.79804618810311
"145",1.84053758215819,1.79296871482926,1.83471084621242
"146",1.8631191128866,1.81339863349342,1.81876547508028
"147",1.86793621179126,1.84504116476591,1.8430467528761
"148",1.88688819122121,1.84483311059701,1.8371377927208
"149",1.80499571731338,1.87411144902926,1.81625284530592
"150",1.80998804288585,1.86246773302139,1.76853515169871
"151",1.85552629765113,1.85930474448134,1.84035626576368
"152",1.81716616446921,1.86235516409761,1.84543312627544
"153",1.87795736793,1.81898265401498,1.87756950548808
"154",1.8851287376021,1.81160711318279,1.86080849117408
"155",1.85864169450549,1.81214862637065,1.83041959211397
"156",1.79068843097378,1.86509188228569,1.83009881615919
"157",1.81188024319252,1.84195891934322,1.84482409414377
"158",1.83006156034363,1.82798852517452,1.83490082804401
"159",1.8235323984366,1.81164031732811,1.8542805250996
"160",1.81773121603708,1.80455834106199,1.82288332630267
"161",1.84299320030324,1.81269982494365,1.82498930187947
"162",1.86593976180675,1.86688560239532,1.87910325435667
"163",1.83667198196487,1.88606808145394,1.89912178454515
"164",1.79848861619199,1.8575874651285,1.91544171013979
"165",1.85116014663994,1.82072914400232,1.86870110083724
"166",1.81548850186232,1.79171218976677,1.82601538681671
"167",1.86240628984834,1.82833168843049,1.81722801640319
"168",1.82005559312943,1.78932724497418,1.8124636245568
"169",1.79202081685196,1.8315858934462,1.8308769610457
"170",1.83338795415259,1.84518721893836,1.84482461608904
"171",1.86556193289843,1.84460835398255,1.83940774964858
"172",1.9019879370871,1.83204452103656,1.81246809121393
"173",1.87293841647995,1.84606345452758,1.810189087987
"174",1.76258494037715,1.84055279622708,1.843773345364
"175",1.78034015570558,1.80100687870152,1.83296439376799
"176",1.79906351484649,1.808504936726,1.80755218353553
"177",1.79915159017936,1.77777017994506,1.79744187992243
"178",1.84691245165586,1.79205030984663,1.81297637585926
"179",1.822644156483,1.81400842057384,1.86324005906339
"180",1.82080195428631,1.77383520624254,1.83173421476715
"181",1.86454393833826,1.82469983407243,1.88721186840239
"182",1.87625494406925,1.84542383802042,1.92516209667591
"183",1.8765918797555,1.83919594805611,1.8669418487224
"184",1.93396482639267,1.83851589233225,1.81874377891266
"185",1.87416317798355,1.85499799842995,1.84665713694304
"186",1.80068066064566,1.84775148892538,1.85319016115292
"187",1.79769371971982,1.8852618843342,1.791021958591
"188",1.75646924964352,1.89266311591063,1.76981277654517
"189",1.79354622837105,1.82762838771483,1.81586227240685
"190",1.83678144572433,1.78865940861615,1.87016102278156
"191",1.87942060574469,1.82242177152656,1.90305700766874
"192",1.881211469236,1.82037551093296,1.88477158350858
"193",1.85427747355232,1.81346768466603,1.85470988838206
"194",1.84185239724509,1.78422396568329,1.86497602796103
"195",1.81748293204114,1.82305964990742,1.85571107495256
"196",1.82219167437504,1.88419481305286,1.85022308977771
"197",1.84147831681779,1.86354140731642,1.81641850270205
"198",1.8485009479571,1.83175200746152,1.85970558173149
"199",1.8753700680171,1.78632098508796,1.80642578467441
"200",1.82577706101262,1.83453936761321,1.8879479838892
"201",1.84035320840313,1.8660571097693,1.8479268555064
"202",1.84046675177527,1.86492369911665,1.78648745157175
"203",1.75120615113558,1.84040637835227,1.7846233298046
"204",1.80467759858032,1.77963368751646,1.81277242710337
"205",1.85325836166122,1.8138167345108,1.81944584634269
"206",1.907396317564,1.80634553335112,1.82360896207336
"207",1.83708792663594,1.82858653080127,1.81379385470785
"208",1.82630023317941,1.8831256706812,1.82742691736321
"209",1.88361037740843,1.8748903378082,1.84461818481429
"210",1.80730135701769,1.87023464030688,1.84665872163583
"211",1.8279277080892,1.82695255108483,1.86777372922635
"212",1.83085850490298,1.85123134319496,1.87347509749475
"213",1.83908459971567,1.83199657413487,1.86934048373676
"214",1.87391602002582,1.85528254268704,1.84634717621688
"215",1.83606890307032,1.87293708828925,1.85525583609797
"216",1.83179953329702,1.84726118322606,1.8480301563048
"217",1.83808188297123,1.77594877414823,1.87581444904075
"218",1.88710470220713,1.83323025074621,1.87673760535627
"219",1.85965175517757,1.83288341789404,1.80285145136796
"220",1.8170528690642,1.82127070349751,1.78860308761223
"221",1.8421919534559,1.83398547762034,1.85473392046412
"222",1.81049601624235,1.8107688381496,1.86144838669039
"223",1.79657422268907,1.80879332731026,1.81842861869268
"224",1.82741884473605,1.80864877967063,1.82836822410838
"225",1.86981107533303,1.79874549827931,1.82932921207545
"226",1.88896014436765,1.81851827874163,1.82868494924203
"227",1.85187585108351,1.81403804735704,1.84054486433202
"228",1.87198877979125,1.8286450043787,1.80793584198043
"229",1.80806502929968,1.87112511205988,1.83622041666845
"230",1.76838548988798,1.86735284454584,1.83356404390247
"231",1.80157659117679,1.85185861512462,1.82457933499694
"232",1.87874936549208,1.77406036929445,1.84350733075555
"233",1.88457412500238,1.8156980799559,1.79679219591083
"234",1.836357627729,1.81077719375773,1.85049760924531
"235",1.85064705098437,1.79589329472106,1.8891428004319
"236",1.82392933887101,1.82804237977153,1.89058280797872
"237",1.81757069986751,1.85034540156462,1.83756807636825
"238",1.83304780248954,1.86428388128604,1.85341332227064
"239",1.85590455830719,1.85521827513582,1.82342122368516
"240",1.85667560808982,1.83363451354687,1.8421623584243
"241",1.87095091937485,1.80447920763779,1.82565599560599
"242",1.85817736896054,1.8038305378277,1.83787799363708
"243",1.77963336013612,1.79436394276825,1.85225268968877
"244",1.8139001583681,1.86706124716897,1.81935612421661
"245",1.81847596934938,1.82341665927826,1.78527362841592
"246",1.79134078855052,1.87255683647394,1.80668660325173
"247",1.80056363972461,1.87009228485778,1.85021829506222
"248",1.79978806230846,1.79094996208958,1.89015302456112
"249",1.81187100361566,1.78103024208501,1.84065598834322
"250",1.84197622582951,1.79248112558639,1.87698190193371
"251",1.82578364230011,1.83013426196486,1.85231171328224
"252",1.83125854076329,1.88008601601752,1.80978713979051
"253",1.89632765067645,1.88264489159649,1.86705871166187
