"","YT.cases","YT","YT"
"1",8826.14630546729,14579.8961669035,13765.0755025165
"2",8759.17902749144,14448.8078289511,13628.3084007365
"3",8699.71822659237,14331.972923295,13517.6775447195
"4",8656.60537809664,14196.2447815516,13457.0247263354
"5",8633.71032783752,14085.5386754553,13476.4249022846
"6",8622.17828271563,13990.3001758986,13603.9698679249
"7",8603.37412817852,13918.8024346263,13825.4987369822
"8",8568.02633112924,13817.8318883155,14048.3470931295
"9",8535.78900088839,13725.3261959119,14135.171446146
"10",8537.36512389647,13574.784965335,14001.4699779896
"11",8587.6272823276,13501.2874989486,13701.9054905565
"12",8689.07120031249,13491.4747449514,13284.3244365338
"13",8821.94592590108,13614.8806430967,12939.1015475245
"14",8944.31145092306,13787.0537728213,12849.5669906053
"15",9013.50989409776,13911.2576701745,13002.1562293825
"16",9018.62085345797,13927.8613077848,13291.5662662782
"17",9001.56117721591,13863.8618371271,13533.0514756605
"18",8982.05211943757,13801.2725063864,13635.9791532402
"19",8922.44271101095,13801.9478354262,13510.5768608581
"20",8792.64579899859,13933.1710591786,13258.5701922639
"21",8633.07662566366,14139.5804817934,13092.9582282282
"22",8513.76336065356,14264.2026453369,13102.0783346077
"23",8472.69155233561,14247.5941286458,13285.3199288561
"24",8483.13671818384,14123.3645844679,13521.1179324746
"25",8522.26608281579,13959.9758133199,13659.9674387638
"26",8585.18857870051,13832.038179292,13673.3853431982
"27",8668.03226892014,13834.9635893167,13639.007160997
"28",8771.99627054118,13909.5606052729,13627.8078979044
"29",8892.38809318619,14046.2061016629,13641.7371531059
"30",9002.11764417928,14115.9307506183,13693.9436614847
"31",9085.04165083799,14161.448800888,13694.2365478701
"32",9138.44667859861,14149.0102965084,13521.9085118868
"33",9190.9701032332,14136.0165521472,13281.4933703412
"34",9240.69414693186,14063.6236036453,13174.4417731625
"35",9239.54129076827,14060.4381377083,13314.959819254
"36",9165.36437761115,14062.2064548994,13692.1898519597
"37",9053.08098142399,14134.528897877,14121.8294874407
"38",8959.37558665881,14227.2242488554,14337.8855739491
"39",8927.78207751808,14374.1112893194,14196.8701586429
"40",8944.54833834662,14544.252757456,13805.0208780632
"41",8970.39999612567,14703.4538582584,13356.397069998
"42",8958.441042794,14720.4627449235,12938.1931598323
"43",8909.15086026679,14615.6762423378,12688.3432600323
"44",8862.14842749261,14454.5861578141,12664.3002656057
"45",8847.17433481132,14309.1334537834,12809.6044087682
"46",8826.9418637812,14225.3480969906,13075.4639118787
"47",8749.78241568688,14222.6690803725,13356.6172480306
"48",8609.47587430815,14216.1547396456,13511.8088406813
"49",8457.44245512703,14175.700168805,13506.0612078922
"50",8353.27274224278,14032.5903742317,13403.4863131229
"51",8314.75610968109,13831.2276356205,13405.4314211475
"52",8308.96023721077,13675.2489346636,13666.6792346466
"53",8307.14046101145,13618.0816719816,14070.9108660176
"54",8303.66934996132,13626.870715481,14393.8129264281
"55",8288.88011362025,13719.9084003235,14456.9544433461
"56",8247.46277885153,13768.5855949538,14210.2920251024
"57",8188.19981670688,13862.7974832271,13819.1835985633
"58",8139.80323570634,13953.1482705204,13468.8455581007
"59",8113.91732890942,14069.604243556,13228.6879724109
"60",8105.59810392527,14163.6678428144,13112.0841798232
"61",8117.19476596916,14237.3579339645,13075.2109245912
"62",8163.87014213712,14259.2025211118,13097.7214541476
"63",8253.55021443745,14250.8043473492,13169.746999582
"64",8375.4081477113,14240.5606720255,13246.5851028955
"65",8503.01135509503,14266.0333010292,13266.1246811856
"66",8600.45162029182,14310.6424340237,13198.2586553947
"67",8633.68442188234,14302.4546160935,13071.5115889296
"68",8615.17678585183,14272.927564537,12979.3647141996
"69",8594.57548070967,14195.8769652462,12973.228029443
"70",8625.6242032951,14141.9782788003,13030.4411159025
"71",8700.05344868208,14141.294221316,13112.0025359101
"72",8768.47086464895,14212.9194057526,13138.3363328219
"73",8810.97257905898,14338.2110245608,13122.568217704
"74",8845.31815229512,14487.6570163507,13049.7880378372
"75",8898.62901128598,14564.2244747844,12936.8235980573
"76",8955.83753346268,14564.9613147705,12789.5163150636
"77",8979.17680809673,14529.7346168239,12680.5560594976
"78",8944.21728708211,14510.7817046961,12658.4911344121
"79",8854.60210976816,14515.9978563305,12713.5217527767
"80",8750.82655895458,14562.0932710901,12848.5452445678
"81",8662.84799454353,14564.2842805227,13027.0255691036
"82",8584.90234514275,14554.7822922476,13236.3148929035
"83",8519.56796292032,14440.0347697661,13379.8211783504
"84",8485.09049980035,14265.66283322,13454.4250656811
"85",8494.02793181266,14125.2383269265,13482.6396589258
"86",8537.60496535,14022.186737676,13476.363006285
"87",8585.83732145002,13976.9900733439,13472.6363379664
"88",8612.42118093653,13921.1878981676,13470.7427145701
"89",8623.33780819935,13887.9304930372,13426.4381041096
"90",8641.70175543284,13887.8232288192,13286.3209440256
"91",8666.58609697151,13954.0095098998,13111.1868800921
"92",8663.92978552792,14016.6546041507,12957.8089738108
"93",8620.26542935825,14131.7362164761,12919.6447939568
"94",8574.53077601354,14241.093401095,13079.3507976224
"95",8569.48286931537,14291.6369402373,13337.7962816093
"96",8603.70207798151,14292.8230234456,13592.3857730118
"97",8632.00210879596,14306.4249236475,13743.3664997637
"98",8610.31766425091,14354.6343802936,13777.9399779071
"99",8556.4716476315,14441.8373959904,13714.8989695665
"100",8528.02750167798,14550.9039301078,13621.7912605737
"101",8535.33542847315,14734.7864833036,13619.5297015863
"102",8549.66742723096,14840.1267984858,13707.4088578949
"103",8560.2019275835,14872.1247107165,13808.8298846871
"104",8568.94320396882,14812.5306054228,13864.690173794
"105",8585.76055663781,14749.2306262285,13791.5696169762
"106",8613.90745155156,14722.0229725722,13575.4532127978
"107",8637.9806665192,14757.3066819673,13342.0435820474
"108",8636.35594104739,14811.1663493994,13212.0510194315
"109",8598.22275447963,14930.4473765634,13206.4078032608
"110",8532.53925018902,15039.3506059408,13273.2546007742
"111",8472.55686228324,15042.1737786458,13367.6382562882
"112",8442.24311922753,15001.9497966388,13483.7849042124
"113",8434.7066207568,14902.2615367976,13581.6305938749
"114",8425.5046879699,14857.9393418859,13619.2048988371
"115",8411.6091815868,14802.8315982915,13620.9903113787
"116",8419.25677825417,14727.1130439059,13561.3202934119
"117",8483.92599709038,14692.1827804572,13458.9886848099
"118",8580.97489490566,14669.9757748256,13406.2469008209
"119",8646.60641043953,14635.3314804827,13365.7209728952
"120",8622.8189462244,14596.7510137014,13323.7160360192
"121",8508.96920803978,14578.9178864162,13319.6929294983
"122",8367.23701128918,14659.5694548246,13346.3077441798
"123",8271.12495801365,14759.780738503,13438.3384059017
"124",8245.14207151851,14803.1766325244,13613.5102382884
"125",8271.1873516405,14802.9692431611,13804.3010875021
"126",8322.28947201998,14811.8969431952,13964.910573569
"127",8398.4341538,14836.3616795086,14020.4484159744
"128",8511.18195605592,14824.3389453856,13917.1178952434
"129",8640.54361549422,14799.2753146453,13728.8102100653
"130",8749.95592523878,14771.3634645468,13534.8596437549
"131",8829.14875666388,14736.2347784094,13281.34610346
"132",8868.78242243793,14568.6720636256,13048.9067285142
"133",8871.18886081991,14386.255614726,12864.0410538476
"134",8851.82615273656,14244.3697515473,12673.3829128116
"135",8815.41216162861,14086.5962014267,12589.9169603734
"136",8770.01405089035,13938.6194116956,12694.1013484461
"137",8710.9421235578,13805.8432182039,12935.4124153549
"138",8639.36799699895,13771.388448446,13311.8830839703
"139",8577.94001212606,13790.9438090116,13668.7608256106
"140",8539.70144162511,13838.1374452427,13835.6317484162
"141",8500.60006787269,13863.4687677152,13796.911580463
"142",8455.8784711517,13931.1413195045,13654.0969774084
"143",8435.28324630512,13988.9645305271,13520.7099732697
"144",8478.09901180853,14053.7526480835,13445.5587468874
"145",8581.27149965405,14147.021267464,13422.6828624898
"146",8701.34703906334,14312.7111170647,13400.2762147835
"147",8788.61970163284,14516.1603838063,13286.0307089044
"148",8824.6773399161,14694.9750860121,13133.8565331989
"149",8829.50044317803,14743.2585133179,13021.3570378085
"150",8817.73531126202,14710.3276993992,13047.8353204405
"151",8777.96051392761,14608.9289234408,13192.3724765443
"152",8722.24328939452,14470.1120898028,13363.8905853475
"153",8673.47943959444,14373.9259027555,13505.5836719383
"154",8633.27239239003,14330.5229822794,13628.5973022107
"155",8583.15792845961,14338.3610205973,13753.2918734573
"156",8514.18410891263,14311.2213138476,13939.854857306
"157",8443.10389092107,14248.4954181699,14110.3409969348
"158",8388.83291835975,14122.2787655573,14154.44793627
"159",8373.55238234571,13973.2490295419,14051.8349993587
"160",8396.76729879119,13869.4581460219,13879.7503877735
"161",8418.84037584401,13861.5577300788,13711.2498341242
"162",8424.64421847547,13893.0055234807,13674.4606277786
"163",8433.49251239939,13921.1191956967,13732.7510998241
"164",8465.97667907152,13896.3556545657,13786.443701171
"165",8505.64588759284,13811.8532247291,13796.2660327651
"166",8536.22497590263,13708.3904753893,13744.4283987555
"167",8557.63467531591,13630.8465571723,13633.8128195541
"168",8578.68356575419,13703.9517588816,13446.6259162835
"169",8591.56126739182,13810.6257351146,13135.5979564831
"170",8591.80465054656,13892.287447009,12772.3709569868
"171",8601.84400725028,13899.4636039572,12475.8430270529
"172",8641.73504643754,13837.2868063086,12348.0630490286
"173",8692.08499290897,13724.9877972072,12444.8928117139
"174",8706.8795192652,13647.279849066,12658.8650936689
"175",8653.00931604498,13672.5252561353,12851.3132048253
"176",8587.90593969628,13763.1992673821,12951.1203435722
"177",8594.63996809233,13901.8487108484,12982.2065061918
"178",8694.13717125636,14040.459187708,13036.9923219846
"179",8830.54321695029,14184.2786283022,13149.2985420516
"180",8933.97867318364,14373.627597273,13299.8178231129
"181",9007.83748049142,14508.8900135651,13467.6887168643
"182",9100.2374143104,14647.6727705168,13647.5340988513
"183",9213.106323437,14795.2395671467,13821.541859239
"184",9297.00402709168,14912.010944873,13947.3491301764
"185",9287.25595799803,14990.2092756886,13983.7509539398
"186",9164.91384557384,15059.833776462,13862.9501282238
"187",8981.28505365106,15087.744182332,13565.6775536992
"188",8803.0310074713,15069.0586786651,13186.7481822523
"189",8684.23016352643,14992.8126788518,12868.8701312393
"190",8656.85430244035,14882.8677982935,12745.0608049971
"191",8703.41956493833,14762.6362864247,12775.4219449411
"192",8777.94871147237,14703.3947298488,12933.1374899117
"193",8847.22828698075,14687.9485411139,13216.1017128048
"194",8889.52443508089,14708.4801987608,13501.9208562638
"195",8908.31997650013,14684.2886685564,13648.1287635659
"196",8923.88214574244,14630.4030442217,13607.4205955684
"197",8932.02471420768,14600.5234407776,13381.9727287349
"198",8918.5846120588,14548.4820027834,13005.3309813723
"199",8872.80854099038,14514.312957216,12616.6660394297
"200",8804.61377348223,14517.1655045182,12377.4606735351
"201",8733.53822160287,14598.5949687619,12306.15037259
"202",8678.99107544211,14677.626981451,12320.870813173
"203",8655.19127855937,14662.1365960998,12346.7490678172
"204",8658.98664935973,14603.4309349077,12350.7758861037
"205",8687.38979110377,14518.417550808,12356.3375981843
"206",8739.63486389246,14512.4029737017,12372.779913759
"207",8809.33531636388,14554.7992229774,12435.8489532684
"208",8864.68549565814,14580.6980165669,12579.217099486
"209",8865.0466447219,14586.4065796,12864.1352523998
"210",8835.13516051813,14497.2257216664,13178.4474985942
"211",8826.40762199104,14337.9506146784,13464.5474115653
"212",8833.3830544364,14139.3889009183,13676.8236648907
"213",8819.38094535659,14031.4667585643,13758.639332591
"214",8770.84694017557,14004.9008369382,13764.9997967916
"215",8720.84172071575,13972.1472435422,13745.4221802594
"216",8684.30832398067,13861.4842631616,13659.5390983805
"217",8655.34603251455,13715.0871992707,13481.8658754385
"218",8630.76873731855,13506.2819655284,13238.2295121339
"219",8604.29754964059,13375.4373544744,12996.6809103223
"220",8573.88430921006,13333.6056678792,12814.1652194468
"221",8517.19040443577,13330.2714690393,12677.9350068955
"222",8429.45301646252,13332.4204204324,12566.7918693475
"223",8351.7430705445,13319.8060490558,12469.445722533
"224",8321.34197774903,13338.3623908879,12408.0263379269
"225",8335.51515279091,13416.302204627,12418.7662211494
"226",8363.03747310433,13515.9463957038,12522.3805134724
"227",8382.7993362519,13674.4811136796,12649.5615915126
"228",8375.00174161728,13829.700286577,12735.2484748805
"229",8332.82459298453,13902.5387939474,12786.4072084752
"230",8278.55949684815,13918.1422420651,12803.9515826562
"231",8238.73306683074,13890.915162463,12823.5076401237
"232",8228.67926762588,13908.1335530789,12920.6238321508
"233",8248.14505490764,13921.146375236,13061.8425081415
"234",8275.54863322481,14019.172322264,13156.5364225922
"235",8274.79989885207,14186.9138297155,13228.4276566327
"236",8234.36443248944,14315.1846389456,13310.5460968638
"237",8197.66427276194,14365.9217389129,13385.052272829
"238",8202.19458923645,14342.4422798292,13456.6449893789
"239",8230.22267935633,14270.8452737374,13477.6539394774
"240",8235.4542253928,14184.7809456522,13424.4162034116
"241",8198.95330158978,14135.8297778498,13276.9696307648
"242",8136.1315346014,14186.3045196759,13037.7461177617
"243",8072.31277244622,14341.1887576397,12830.1981083082
"244",8025.49547461984,14445.5364131549,12701.9226464593
"245",8000.75959606212,14536.527082095,12695.1323976193
"246",8005.1123192828,14494.6383228423,12792.895087623
"247",8042.1632523423,14373.2691358192,12901.4461473396
"248",8102.0654779893,14269.1888568271,12948.1361292738
"249",8177.87101608267,14215.5832604251,13003.2098736589
"250",8288.45107267195,14280.5214621076,13114.3863809877
"251",8445.07420151677,14444.9535497005,13292.0511186402
"252",8613.53671085992,14602.1707662418,13462.8604983779
"253",8755.69792972137,14665.6344785406,13519.0885355166
